frame,time_s,ball_x,ball_y,holder_id,possession_team,cum_pct_team0,cum_pct_team1
0,0.0,2055.6,1350.6,1,0,100.0,0.0
1,0.017,2055.6,1350.6,1,0,100.0,0.0
2,0.033,2046.2,1349.0,1,0,100.0,0.0
3,0.05,2046.1,1349.0,1,0,100.0,0.0
4,0.067,2046.2,1349.0,1,0,100.0,0.0
5,0.083,2038.8,1349.4,1,0,100.0,0.0
6,0.1,2039.0,1349.4,1,0,100.0,0.0
7,0.117,2031.6,1349.8,1,0,100.0,0.0
8,0.133,2031.6,1349.8,1,0,100.0,0.0
9,0.15,2031.6,1349.8,1,0,100.0,0.0
10,0.167,2023.3,1349.7,1,0,100.0,0.0
11,0.183,2023.4,1349.6,1,0,100.0,0.0
12,0.2,2011.6,1350.9,1,0,100.0,0.0
13,0.217,2010.7,1348.6,1,0,100.0,0.0
14,0.233,2011.6,1351.0,1,0,100.0,0.0
15,0.25,2006.8,1347.6,1,0,100.0,0.0
16,0.267,2006.8,1347.6,1,0,100.0,0.0
17,0.283,1999.4,1346.0,1,0,100.0,0.0
18,0.3,1999.4,1346.0,1,0,100.0,0.0
19,0.317,1995.2,1337.5,1,0,100.0,0.0
20,0.333,1995.2,1337.5,1,0,100.0,0.0
21,0.35,1995.2,1337.3,1,0,100.0,0.0
22,0.367,1982.8,1335.0,1,0,100.0,0.0
23,0.383,1982.8,1335.0,1,0,100.0,0.0
24,0.4,1974.4,1332.6,1,0,100.0,0.0
25,0.417,1974.4,1332.6,1,0,100.0,0.0
26,0.433,1735.0,803.6,16,0,100.0,0.0
27,0.45,1735.0,803.6,16,0,100.0,0.0
28,0.467,1735.0,803.6,16,0,100.0,0.0
29,0.483,757.3,726.4,12,0,100.0,0.0
30,0.5,757.3,726.4,12,0,100.0,0.0
31,0.517,732.6,727.2,12,0,100.0,0.0
32,0.533,732.6,727.2,12,0,100.0,0.0
33,0.55,732.6,727.2,12,0,100.0,0.0
34,0.567,1667.0,802.5,16,0,100.0,0.0
35,0.583,1667.0,802.5,16,1,97.22,2.78
36,0.6,685.1,727.8,12,1,94.59,5.41
37,0.617,685.1,727.8,12,1,92.11,7.89
38,0.633,663.0,724.8,12,1,89.74,10.26
39,0.65,662.9,724.8,12,1,87.5,12.5
40,0.667,662.9,724.8,12,1,85.37,14.63
41,0.683,1501.2,748.5,15,1,83.33,16.67
42,0.7,1501.2,748.5,15,1,81.4,18.6
43,0.717,1478.6,748.6,15,1,79.55,20.45
44,0.733,1478.6,748.6,15,1,77.78,22.22
45,0.75,1478.6,748.6,15,1,76.09,23.91
46,0.767,1456.4,748.9,15,1,74.47,25.53
47,0.783,1456.4,748.9,15,1,72.92,27.08
48,0.8,1433.4,748.9,15,1,71.43,28.57
49,0.817,1433.5,748.9,15,1,70.0,30.0
50,0.833,1311.9,779.4,10,1,68.63,31.37
51,0.85,1311.9,779.4,10,1,67.31,32.69
52,0.867,1311.9,779.4,10,1,66.04,33.96
53,0.883,1485.9,955.8,2,1,64.81,35.19
54,0.9,1659.9,1132.1,-1,1,63.64,36.36
55,0.917,1834.0,1308.4,1,1,62.5,37.5
56,0.933,1834.0,1308.4,1,1,61.4,38.6
57,0.95,1833.9,1308.4,1,1,60.34,39.66
58,0.967,1824.8,1308.6,1,1,59.32,40.68
59,0.983,1824.8,1308.5,1,1,58.33,41.67
60,1.0,1816.4,1305.4,1,1,57.38,42.62
61,1.017,1816.4,1305.4,1,1,56.45,43.55
62,1.033,1808.6,1304.2,1,1,55.56,44.44
63,1.05,1808.6,1304.3,1,1,54.69,45.31
64,1.067,1808.6,1304.3,1,0,55.38,44.62
65,1.083,1808.6,1304.3,1,0,56.06,43.94
66,1.1,1801.2,1302.9,1,0,56.72,43.28
67,1.117,518.0,720.5,12,0,57.35,42.65
68,1.133,518.0,720.5,12,0,57.97,42.03
69,1.15,518.0,720.5,12,0,58.57,41.43
70,1.167,1429.6,794.8,16,0,59.15,40.85
71,1.183,1429.8,794.8,16,0,59.72,40.28
72,1.2,2624.7,1175.4,7,0,60.27,39.73
73,1.217,2624.6,1175.4,7,0,60.81,39.19
74,1.233,2770.2,607.1,-1,0,61.33,38.67
75,1.25,2770.2,607.1,-1,0,61.84,38.16
76,1.267,2770.2,607.1,-1,0,62.34,37.66
77,1.283,2770.2,607.1,-1,0,62.82,37.18
78,1.3,1836.2,1287.3,1,0,63.29,36.71
79,1.317,1851.2,1285.7,1,0,63.75,36.25
80,1.333,1851.2,1285.7,1,0,64.2,35.8
81,1.35,1851.2,1285.7,1,0,64.63,35.37
82,1.367,1865.1,1282.6,1,0,65.06,34.94
83,1.383,1865.2,1282.5,1,0,65.48,34.52
84,1.4,1878.4,1280.0,1,0,65.88,34.12
85,1.417,1878.4,1280.0,1,0,66.28,33.72
86,1.433,1890.0,1278.3,1,0,66.67,33.33
87,1.45,1890.0,1278.2,1,0,67.05,32.95
88,1.467,1890.0,1278.3,1,0,67.42,32.58
89,1.483,1902.0,1277.0,1,0,67.78,32.22
90,1.5,1902.0,1277.0,1,0,68.13,31.87
91,1.517,1912.6,1273.0,1,0,68.48,31.52
92,1.533,1912.6,1273.1,1,0,68.82,31.18
93,1.55,1912.6,1273.1,1,0,69.15,30.85
94,1.567,1912.6,1273.1,1,0,69.47,30.53
95,1.583,1919.6,1271.2,1,0,69.79,30.21
96,1.6,1926.2,1269.6,1,0,70.1,29.9
97,1.617,1926.2,1269.6,1,0,70.41,29.59
98,1.633,1930.6,1268.1,1,0,70.71,29.29
99,1.65,1930.6,1268.0,1,0,71.0,29.0
100,1.667,1930.6,1268.0,1,0,71.29,28.71
101,1.683,1936.3,1266.2,1,0,71.57,28.43
102,1.7,1936.3,1266.2,1,0,71.84,28.16
103,1.717,1937.6,1265.0,1,0,72.12,27.88
104,1.733,1937.6,1265.0,1,0,72.38,27.62
105,1.75,1937.6,1265.0,1,0,72.64,27.36
106,1.767,1929.4,1264.8,1,0,72.9,27.1
107,1.783,1929.4,1264.8,1,0,73.15,26.85
108,1.8,1925.5,1266.4,1,0,73.39,26.61
109,1.817,1925.4,1266.4,1,0,73.64,26.36
110,1.833,1925.4,1266.4,1,0,73.87,26.13
111,1.85,1374.9,771.0,16,0,74.11,25.89
112,1.867,1374.9,771.0,16,0,74.34,25.66
113,1.883,1374.9,771.0,16,0,74.56,25.44
114,1.9,1915.7,1267.0,1,0,74.78,25.22
115,1.917,1914.2,1267.6,1,0,75.0,25.0
116,1.933,1914.2,1267.6,1,0,75.21,24.79
117,1.95,474.1,709.2,12,0,75.42,24.58
118,1.967,1913.2,1268.8,1,0,75.63,24.37
119,1.983,1913.2,1268.8,1,0,75.83,24.17
120,2.0,1913.4,1271.2,1,0,76.03,23.97
121,2.017,1913.4,1271.2,1,0,76.23,23.77
122,2.033,1916.2,1270.5,1,0,76.42,23.58
123,2.05,1916.2,1270.5,1,0,76.61,23.39
124,2.067,1916.2,1270.4,1,0,76.8,23.2
125,2.083,1918.6,1270.8,1,0,76.98,23.02
126,2.1,1918.5,1270.8,1,0,77.17,22.83
127,2.117,2549.0,1461.4,-1,0,77.34,22.66
128,2.133,2549.0,1461.4,-1,0,77.52,22.48
129,2.15,2548.9,1461.4,-1,0,77.69,22.31
130,2.167,687.1,1011.2,4,0,77.86,22.14
131,2.183,687.1,1011.0,4,0,78.03,21.97
132,2.2,689.6,1010.7,4,0,78.2,21.8
133,2.217,689.6,1010.7,4,0,78.36,21.64
134,2.233,1938.8,1269.7,1,0,78.52,21.48
135,2.25,1938.8,1269.6,1,0,78.68,21.32
136,2.267,1938.8,1269.7,1,0,78.83,21.17
137,2.283,1941.8,1277.4,1,0,78.99,21.01
138,2.3,1941.8,1277.4,1,0,79.14,20.86
139,2.317,1946.8,1279.3,1,0,79.29,20.71
140,2.333,1946.8,1279.4,1,0,79.43,20.57
141,2.35,1946.9,1279.3,1,0,79.58,20.42
142,2.367,1951.2,1277.2,1,0,79.72,20.28
143,2.383,1951.2,1277.2,1,0,79.86,20.14
144,2.4,1959.2,1277.6,1,0,80.0,20.0
145,2.417,1959.2,1277.6,1,0,80.14,19.86
146,2.433,1965.0,1279.2,1,0,80.27,19.73
147,2.45,1965.0,1279.2,1,0,80.41,19.59
148,2.467,1965.0,1279.2,1,0,80.54,19.46
149,2.483,1969.2,1279.4,1,0,80.67,19.33
150,2.5,1969.2,1279.4,1,0,80.79,19.21
151,2.517,1973.2,1280.0,1,0,80.92,19.08
152,2.533,1973.2,1280.0,1,0,81.05,18.95
153,2.55,1973.2,1280.0,1,0,81.17,18.83
154,2.567,1975.9,1280.6,1,0,81.29,18.71
155,2.583,1975.8,1280.5,1,0,81.41,18.59
156,2.6,1980.6,1280.4,1,0,81.53,18.47
157,2.617,1980.6,1280.4,1,0,81.65,18.35
158,2.633,1984.6,1281.6,1,0,81.76,18.24
159,2.65,1984.6,1281.6,1,0,81.88,18.12
160,2.667,1984.6,1281.6,1,0,81.99,18.01
161,2.683,1987.7,1282.5,1,0,82.1,17.9
162,2.7,1987.6,1282.5,1,0,82.21,17.79
163,2.717,1991.2,1282.2,1,0,82.32,17.68
164,2.733,1991.2,1282.2,1,0,82.42,17.58
165,2.75,1991.2,1282.2,1,0,82.53,17.47
166,2.767,1994.6,1283.6,1,0,82.63,17.37
167,2.783,1994.6,1283.6,1,0,82.74,17.26
168,2.8,1997.4,1283.3,1,0,82.84,17.16
169,2.817,1997.4,1283.3,1,0,82.94,17.06
170,2.833,2001.6,1283.5,1,0,83.04,16.96
171,2.85,2001.6,1283.5,1,0,83.14,16.86
172,2.867,2001.6,1283.5,1,0,83.24,16.76
173,2.883,2004.4,1284.6,1,0,83.33,16.67
174,2.9,2004.4,1284.4,1,0,83.43,16.57
175,2.917,2007.5,1285.0,1,0,83.52,16.48
176,2.933,2007.5,1285.0,1,0,83.62,16.38
177,2.95,2007.5,1285.0,1,0,83.71,16.29
178,2.967,2011.1,1284.5,1,0,83.8,16.2
179,2.983,2011.0,1284.6,1,0,83.89,16.11
180,3.0,2014.0,1285.4,1,0,83.98,16.02
181,3.017,2014.0,1285.4,1,0,84.07,15.93
182,3.033,2018.0,1285.3,1,0,84.15,15.85
183,3.05,2018.0,1285.4,1,0,84.24,15.76
184,3.067,2018.0,1285.3,1,0,84.32,15.68
185,3.083,2021.0,1285.2,1,0,84.41,15.59
186,3.1,2021.0,1285.2,1,0,84.49,15.51
187,3.117,2024.8,1284.5,1,0,84.57,15.43
188,3.133,2024.8,1284.5,1,0,84.66,15.34
189,3.15,2024.8,1284.5,1,0,84.74,15.26
190,3.167,2028.4,1284.7,1,0,84.82,15.18
191,3.183,2028.4,1284.7,1,0,84.9,15.1
192,3.2,2032.8,1284.8,1,0,84.97,15.03
193,3.217,2032.8,1284.8,1,0,85.05,14.95
194,3.233,2036.0,1285.2,1,0,85.13,14.87
195,3.25,2036.0,1285.2,1,0,85.2,14.8
196,3.267,2036.0,1285.2,1,0,85.28,14.72
197,3.283,2036.0,1285.2,1,0,85.35,14.65
198,3.3,2040.2,1285.3,1,0,85.43,14.57
199,3.317,2044.2,1285.7,1,0,85.5,14.5
200,3.333,2044.2,1285.7,1,0,85.57,14.43
201,3.35,2044.2,1285.8,1,0,85.64,14.36
202,3.367,2048.3,1285.6,1,0,85.71,14.29
203,3.383,2048.3,1285.5,1,0,85.78,14.22
204,3.4,2052.1,1285.8,1,0,85.85,14.15
205,3.417,2052.1,1285.8,1,0,85.92,14.08
206,3.433,2057.0,1285.4,1,0,85.99,14.01
207,3.45,2057.0,1285.4,1,0,86.06,13.94
208,3.467,2057.0,1285.4,1,0,86.12,13.88
209,3.483,2059.0,1285.1,1,0,86.19,13.81
210,3.5,2059.0,1284.9,1,0,86.26,13.74
211,3.517,2626.9,581.6,-1,0,86.32,13.68
212,3.533,2626.8,581.6,-1,0,86.38,13.62
213,3.55,2626.9,581.6,-1,0,86.45,13.55
214,3.567,1971.3,1285.0,-1,0,86.51,13.49
215,3.583,1971.3,1285.1,-1,0,86.57,13.43
216,3.6,1911.1,1284.4,5,0,86.64,13.36
217,3.617,1911.0,1284.4,5,0,86.7,13.3
218,3.633,1853.0,1285.4,5,0,86.76,13.24
219,3.65,1853.0,1285.4,5,0,86.82,13.18
220,3.667,1852.8,1285.3,5,0,86.88,13.12
221,3.683,1852.8,1285.2,5,0,86.94,13.06
222,3.7,1795.1,1287.1,5,0,87.0,13.0
223,3.717,1740.0,1289.3,5,0,87.05,12.95
224,3.733,1740.0,1289.2,5,0,87.11,12.89
225,3.75,1740.0,1289.2,5,1,86.73,13.27
226,3.767,1689.6,1288.8,-1,1,86.34,13.66
227,3.783,1689.6,1288.8,-1,1,85.96,14.04
228,3.8,1642.8,1289.2,-1,1,85.59,14.41
229,3.817,1642.8,1289.2,-1,1,85.22,14.78
230,3.833,1595.4,1291.2,-1,1,84.85,15.15
231,3.85,1595.4,1291.2,-1,1,84.48,15.52
232,3.867,1595.4,1291.2,-1,1,84.12,15.88
233,3.883,1595.4,1291.2,-1,1,83.76,16.24
234,3.9,1551.4,1296.2,-1,1,83.4,16.6
235,3.917,1511.8,1296.8,-1,1,83.05,16.95
236,3.933,1511.6,1296.8,-1,1,82.7,17.3
237,3.95,1511.6,1296.8,-1,1,82.35,17.65
238,3.967,1470.1,1298.2,-1,1,82.01,17.99
239,3.983,1470.1,1298.1,-1,1,81.67,18.33
240,4.0,1433.9,1299.0,-1,1,81.33,18.67
241,4.017,1434.0,1299.0,-1,1,80.99,19.01
242,4.033,1396.9,1303.2,-1,1,80.66,19.34
243,4.05,1396.9,1303.2,-1,1,80.33,19.67
244,4.067,1396.9,1303.2,-1,1,80.0,20.0
245,4.083,1365.0,1302.8,-1,1,79.67,20.33
246,4.1,1365.0,1302.8,-1,1,79.35,20.65
247,4.117,1334.0,1301.3,-1,1,79.03,20.97
248,4.133,1334.0,1301.3,-1,1,78.71,21.29
249,4.15,1334.0,1301.3,-1,1,78.4,21.6
250,4.167,1307.8,1304.8,-1,1,78.09,21.91
251,4.183,1307.8,1304.8,-1,1,77.78,22.22
252,4.2,1281.2,1307.2,-1,1,77.47,22.53
253,4.217,1281.2,1307.2,-1,1,77.17,22.83
254,4.233,1256.4,1311.4,-1,1,76.86,23.14
255,4.25,1256.4,1311.4,-1,1,76.56,23.44
256,4.267,1256.4,1311.4,-1,1,76.26,23.74
257,4.283,1256.4,1311.4,-1,1,75.97,24.03
258,4.3,1235.9,1310.8,-1,1,75.68,24.32
259,4.317,1216.8,1310.0,-1,1,75.38,24.62
260,4.333,1216.8,1310.0,-1,1,75.1,24.9
261,4.35,1216.8,1310.0,-1,1,74.81,25.19
262,4.367,1197.1,1310.9,-1,1,74.52,25.48
263,4.383,1197.2,1310.9,-1,1,74.24,25.76
264,4.4,1179.0,1314.0,24,1,73.96,26.04
265,4.417,1179.0,1314.0,24,1,73.68,26.32
266,4.433,1163.3,1312.5,24,1,73.41,26.59
267,4.45,1163.3,1312.5,24,1,73.13,26.87
268,4.467,1163.3,1312.5,24,1,72.86,27.14
269,4.483,1149.2,1312.2,24,1,72.59,27.41
270,4.5,1149.4,1312.1,24,1,72.32,27.68
271,4.517,1138.9,1313.2,24,1,72.06,27.94
272,4.533,1138.9,1313.2,24,1,71.79,28.21
273,4.55,1138.9,1313.2,24,0,71.9,28.1
274,4.567,1138.9,1313.2,24,0,72.0,28.0
275,4.583,1528.7,670.6,15,0,72.1,27.9
276,4.6,1555.8,669.4,15,0,72.2,27.8
277,4.617,1555.8,669.4,15,0,72.3,27.7
278,4.633,226.8,892.6,33,0,72.4,27.6
279,4.65,226.8,892.6,33,0,72.5,27.5
280,4.667,226.9,892.6,33,0,72.6,27.4
281,4.683,254.6,887.9,33,0,72.7,27.3
282,4.7,254.6,887.9,33,0,72.79,27.21
283,4.717,1231.2,575.2,13,0,72.89,27.11
284,4.733,1231.2,575.2,13,1,72.63,27.37
285,4.75,1231.2,575.2,13,1,72.38,27.62
286,4.767,307.5,878.4,33,1,72.13,27.87
287,4.783,307.5,878.4,33,1,71.88,28.12
288,4.8,307.4,878.4,33,1,71.63,28.37
289,4.817,1872.5,718.2,16,1,71.38,28.62
290,4.833,1905.5,719.4,16,1,71.13,28.87
291,4.85,1905.5,719.4,16,1,70.89,29.11
292,4.867,1905.5,719.3,16,1,70.65,29.35
293,4.883,1905.5,719.4,16,1,70.41,29.59
294,4.9,1153.8,993.3,4,1,70.17,29.83
295,4.917,1881.3,705.6,10,1,69.93,30.07
296,4.933,1881.3,705.6,10,1,69.7,30.3
297,4.95,1881.3,705.5,10,1,69.46,30.54
298,4.967,1914.2,705.2,10,1,69.23,30.77
299,4.983,1914.2,705.2,10,1,69.0,31.0
300,5.0,1315.2,673.0,12,1,68.77,31.23
301,5.017,1315.2,672.9,12,1,68.54,31.46
302,5.033,2006.9,199.4,-1,1,68.32,31.68
303,5.05,2006.8,199.4,-1,1,68.09,31.91
304,5.067,2006.9,199.4,-1,1,67.87,32.13
305,5.083,2049.4,721.9,16,1,67.65,32.35
306,5.1,2049.4,721.9,16,1,67.43,32.57
307,5.117,2073.4,200.7,-1,1,67.21,32.79
308,5.133,2073.4,200.7,-1,1,66.99,33.01
309,5.15,2073.4,200.7,-1,1,66.77,33.23
310,5.167,631.8,654.6,32,1,66.56,33.44
311,5.183,631.8,654.7,32,1,66.35,33.65
312,5.2,2146.5,728.4,16,1,66.13,33.87
313,5.217,2146.4,728.4,16,1,65.92,34.08
314,5.233,688.0,656.6,32,1,65.71,34.29
315,5.25,688.0,656.6,32,1,65.51,34.49
316,5.267,688.0,656.6,32,1,65.3,34.7
317,5.283,2031.2,661.2,15,1,65.09,34.91
318,5.3,2031.2,661.2,15,1,64.89,35.11
319,5.317,2050.8,661.8,15,1,64.69,35.31
320,5.333,2050.8,661.9,15,1,64.49,35.51
321,5.35,2050.8,661.9,15,1,64.29,35.71
322,5.367,624.6,319.5,-1,1,64.09,35.91
323,5.383,624.6,319.5,-1,1,63.89,36.11
324,5.4,1027.1,657.9,-1,1,63.69,36.31
325,5.417,1429.6,996.2,4,1,63.5,36.5
326,5.433,762.0,895.6,33,1,63.3,36.7
327,5.45,762.0,895.6,33,1,63.11,36.89
328,5.467,762.0,895.6,33,1,62.92,37.08
329,5.483,716.6,322.4,-1,1,62.73,37.27
330,5.5,716.6,322.4,-1,1,62.54,37.46
331,5.517,1754.4,582.4,13,1,62.35,37.65
332,5.533,1754.4,582.4,13,1,62.16,37.84
333,5.55,1754.4,582.4,13,1,61.98,38.02
334,5.567,1754.4,582.4,13,1,61.79,38.21
335,5.583,2356.4,744.6,16,1,61.61,38.39
336,5.6,2356.4,744.6,16,1,61.42,38.58
337,5.617,870.2,896.6,33,1,61.24,38.76
338,5.633,2408.4,750.4,16,1,61.06,38.94
339,5.65,2408.4,750.4,16,1,60.88,39.12
340,5.667,2408.4,750.4,16,1,60.7,39.3
341,5.683,921.2,895.7,33,1,60.53,39.47
342,5.7,921.2,895.8,33,1,60.35,39.65
343,5.717,2463.2,755.0,16,1,60.17,39.83
344,5.733,2463.2,755.0,16,1,60.0,40.0
345,5.75,2463.2,755.0,16,1,59.83,40.17
346,5.767,2491.2,756.2,16,1,59.65,40.35
347,5.783,2491.2,756.2,16,1,59.48,40.52
348,5.8,1714.9,544.4,-1,1,59.31,40.69
349,5.817,938.6,332.6,-1,1,59.14,40.86
350,5.833,2359.5,684.8,15,1,58.97,41.03
351,5.85,2359.5,684.8,15,1,58.81,41.19
352,5.867,2359.5,684.8,15,1,58.64,41.36
353,5.883,990.6,334.0,-1,1,58.47,41.53
354,5.9,990.6,334.0,-1,1,58.31,41.69
355,5.917,1253.5,397.5,38,1,58.15,41.85
356,5.933,1516.4,461.0,-1,1,57.98,42.02
357,5.95,1779.4,524.4,-1,1,57.82,42.18
358,5.967,2042.4,587.8,13,1,57.66,42.34
359,5.983,2042.4,587.8,13,1,57.5,42.5
360,6.0,1538.4,1205.8,24,1,57.34,42.66
361,6.017,1538.4,1205.8,24,1,57.18,42.82
362,6.033,1551.6,1203.4,24,1,57.02,42.98
363,6.05,1551.6,1203.4,24,1,56.87,43.13
364,6.067,1551.6,1203.4,24,1,56.71,43.29
365,6.083,1562.0,1202.2,24,1,56.56,43.44
366,6.1,1562.0,1202.2,24,1,56.4,43.6
367,6.117,1575.0,1201.9,24,1,56.25,43.75
368,6.133,1575.0,1201.9,24,1,56.1,43.9
369,6.15,1574.9,1201.9,24,0,56.22,43.78
370,6.167,1585.2,1200.4,24,0,56.33,43.67
371,6.183,1585.2,1200.4,24,0,56.45,43.55
372,6.2,1585.2,1200.4,24,0,56.57,43.43
373,6.217,2722.0,778.2,16,0,56.68,43.32
374,6.233,1218.6,340.9,-1,0,56.8,43.2
375,6.25,1218.7,340.9,-1,0,56.91,43.09
376,6.267,1218.7,340.9,-1,0,57.03,42.97
377,6.283,1472.4,1154.6,-1,0,57.14,42.86
378,6.3,1472.2,1154.6,-1,0,57.26,42.74
379,6.317,1409.2,1134.0,-1,0,57.37,42.63
380,6.333,1409.2,1134.0,-1,0,57.48,42.52
381,6.35,1409.2,1134.0,-1,0,57.59,42.41
382,6.367,1409.2,1134.0,-1,0,57.7,42.3
383,6.383,1351.2,1118.8,-1,0,57.81,42.19
384,6.4,1351.2,1118.6,-1,0,57.92,42.08
385,6.417,1297.9,1100.4,-1,0,58.03,41.97
386,6.433,1250.6,1081.8,-1,0,58.14,41.86
387,6.45,1250.6,1081.8,-1,0,58.25,41.75
388,6.467,1250.6,1081.8,-1,0,58.35,41.65
389,6.483,1209.3,1065.8,-1,0,58.46,41.54
390,6.5,1209.3,1065.7,-1,0,58.57,41.43
391,6.517,1168.1,1051.0,-1,0,58.67,41.33
392,6.533,1168.2,1051.0,-1,0,58.78,41.22
393,6.55,1168.1,1051.0,-1,0,58.88,41.12
394,6.567,1131.8,1039.0,-1,0,58.99,41.01
395,6.583,1131.7,1039.0,-1,0,59.09,40.91
396,6.6,1098.5,1022.8,-1,0,59.19,40.81
397,6.617,1098.6,1023.0,-1,0,59.3,40.7
398,6.633,1069.8,1010.3,-1,0,59.4,40.6
399,6.65,1069.8,1010.3,-1,0,59.5,40.5
400,6.667,1069.8,1010.2,-1,0,59.6,40.4
401,6.683,1040.0,997.3,-1,0,59.7,40.3
402,6.7,1040.0,997.3,-1,0,59.8,40.2
403,6.717,1011.8,988.7,-1,0,59.9,40.1
404,6.733,1011.9,988.7,-1,0,60.0,40.0
405,6.75,1011.8,988.7,-1,0,60.1,39.9
406,6.767,987.0,977.4,-1,0,60.2,39.8
407,6.783,987.0,977.3,-1,0,60.29,39.71
408,6.8,964.4,966.3,-1,0,60.39,39.61
409,6.817,964.4,966.3,-1,0,60.49,39.51
410,6.833,964.4,966.3,-1,0,60.58,39.42
411,6.85,943.9,957.1,-1,0,60.68,39.32
412,6.867,943.9,957.1,-1,0,60.77,39.23
413,6.883,923.1,948.2,-1,0,60.87,39.13
414,6.9,923.2,948.2,-1,0,60.96,39.04
415,6.917,903.8,939.2,-1,0,61.06,38.94
416,6.933,903.8,939.2,-1,0,61.15,38.85
417,6.95,903.8,939.2,-1,0,61.24,38.76
418,6.967,885.8,932.2,-1,0,61.34,38.66
419,6.983,885.8,932.3,-1,0,61.43,38.57
420,7.0,885.8,932.3,-1,0,61.52,38.48
421,7.017,868.4,925.4,-1,0,61.61,38.39
422,7.033,851.0,919.2,-1,0,61.7,38.3
423,7.05,851.0,919.2,-1,0,61.79,38.21
424,7.067,851.0,919.2,-1,0,61.88,38.12
425,7.083,835.9,911.6,-1,0,61.97,38.03
426,7.1,835.9,911.6,-1,0,62.06,37.94
427,7.117,835.8,911.6,-1,0,62.15,37.85
428,7.133,819.6,904.6,-1,0,62.24,37.76
429,7.15,819.6,904.6,-1,0,62.33,37.67
430,7.167,803.0,899.0,-1,0,62.41,37.59
431,7.183,803.0,899.0,-1,0,62.5,37.5
432,7.2,788.0,892.0,-1,0,62.59,37.41
433,7.217,788.0,892.0,-1,0,62.67,37.33
434,7.233,772.3,886.1,-1,0,62.76,37.24
435,7.25,772.2,886.1,-1,0,62.84,37.16
436,7.267,772.3,886.1,-1,0,62.93,37.07
437,7.283,757.0,881.6,-1,0,63.01,36.99
438,7.3,757.0,881.6,-1,0,63.1,36.9
439,7.317,741.0,878.6,-1,0,63.18,36.82
440,7.333,741.0,878.6,-1,0,63.27,36.73
441,7.35,741.0,878.6,-1,0,63.35,36.65
442,7.367,723.3,875.6,-1,0,63.43,36.57
443,7.383,723.4,875.6,-1,0,63.51,36.49
444,7.4,707.8,871.6,-1,0,63.6,36.4
445,7.417,707.8,871.6,-1,0,63.68,36.32
446,7.433,691.2,868.0,-1,0,63.76,36.24
447,7.45,691.2,868.0,-1,0,63.84,36.16
448,7.467,691.2,868.0,-1,0,63.92,36.08
449,7.483,691.1,868.0,-1,0,64.0,36.0
450,7.5,675.6,862.6,-1,0,64.08,35.92
451,7.517,675.6,862.6,-1,0,64.16,35.84
452,7.533,658.0,859.8,-1,0,64.24,35.76
453,7.55,658.0,859.8,-1,0,64.32,35.68
454,7.567,643.0,857.6,50,0,64.4,35.6
455,7.583,643.0,857.6,50,0,64.47,35.53
456,7.6,625.3,855.6,50,0,64.55,35.45
457,7.617,625.3,855.6,50,0,64.63,35.37
458,7.633,622.9,854.7,50,0,64.71,35.29
459,7.65,620.4,853.8,50,0,64.78,35.22
460,7.667,618.0,852.8,50,0,64.86,35.14
461,7.683,615.6,851.9,50,0,64.94,35.06
462,7.7,615.6,851.9,50,0,65.01,34.99
463,7.717,620.4,850.2,50,0,65.09,34.91
464,7.733,620.4,850.2,50,0,65.16,34.84
465,7.75,620.4,850.2,50,0,65.24,34.76
466,7.767,620.4,850.2,50,0,65.31,34.69
467,7.783,628.2,849.4,50,0,65.38,34.62
468,7.8,632.8,850.2,50,0,65.46,34.54
469,7.817,632.8,850.2,50,0,65.53,34.47
470,7.833,638.2,852.3,50,0,65.61,34.39
471,7.85,638.2,852.2,50,0,65.68,34.32
472,7.867,638.2,852.2,50,0,65.75,34.25
473,7.883,640.8,855.0,50,0,65.82,34.18
474,7.9,640.8,855.0,50,0,65.89,34.11
475,7.917,642.8,858.6,50,0,65.97,34.03
476,7.933,642.8,858.6,50,0,66.04,33.96
477,7.95,642.8,858.6,50,0,66.11,33.89
478,7.967,643.3,859.0,50,0,66.18,33.82
479,7.983,643.2,859.0,50,0,66.25,33.75
480,8.0,642.4,858.6,50,0,66.32,33.68
481,8.017,642.4,858.6,50,0,66.39,33.61
482,8.033,2822.4,723.8,12,0,66.46,33.54
483,8.05,2822.4,723.8,12,0,66.53,33.47
484,8.067,2822.4,723.8,12,0,66.6,33.4
485,8.083,2822.4,723.8,12,0,66.67,33.33
486,8.1,1400.8,725.8,40,0,66.74,33.26
487,8.117,1974.0,872.4,33,0,66.8,33.2
488,8.133,1973.7,872.5,33,0,66.87,33.13
489,8.15,1974.0,872.5,33,0,66.94,33.06
490,8.167,1362.6,720.7,40,0,67.01,32.99
491,8.183,1362.6,720.8,40,0,67.07,32.93
492,8.2,1376.4,724.6,40,0,67.14,32.86
493,8.217,1376.4,724.6,40,0,67.21,32.79
494,8.233,1379.0,725.2,40,0,67.27,32.73
495,8.25,1379.0,725.2,40,0,67.34,32.66
496,8.267,1379.0,725.2,40,0,67.4,32.6
497,8.283,2810.9,703.2,12,0,67.47,32.53
498,8.3,2810.8,703.2,12,0,67.54,32.46
499,8.317,2809.8,706.7,12,0,67.6,32.4
500,8.333,2808.8,710.2,12,0,67.66,32.34
501,8.35,2807.8,713.7,12,0,67.73,32.27
502,8.367,2806.7,717.2,12,0,67.79,32.21
503,8.383,2805.7,720.7,12,0,67.86,32.14
504,8.4,2804.7,724.2,12,0,67.92,32.08
505,8.417,2804.7,724.2,12,0,67.98,32.02
506,8.433,609.8,854.0,50,0,68.05,31.95
507,8.45,609.8,854.0,50,0,68.11,31.89
508,8.467,609.8,854.0,50,0,68.17,31.83
509,8.483,609.8,854.0,50,0,68.24,31.76
510,8.5,608.4,853.0,50,0,68.3,31.7
511,8.517,606.0,853.8,50,0,68.36,31.64
512,8.533,606.0,853.8,50,0,68.42,31.58
513,8.55,606.0,853.8,50,0,68.48,31.52
514,8.567,603.0,854.2,50,0,68.54,31.46
515,8.583,603.0,854.2,50,0,68.6,31.4
516,8.6,601.8,853.2,50,0,68.67,31.33
517,8.617,601.8,853.2,50,0,68.73,31.27
518,8.633,600.3,852.2,50,0,68.79,31.21
519,8.65,600.3,852.2,50,0,68.85,31.15
520,8.667,600.3,852.2,50,0,68.91,31.09
521,8.683,598.4,850.8,50,0,68.97,31.03
522,8.7,598.4,850.8,50,0,69.02,30.98
523,8.717,596.2,850.0,50,0,69.08,30.92
524,8.733,596.2,850.0,50,0,69.14,30.86
525,8.75,596.2,850.0,50,0,69.2,30.8
526,8.767,595.1,850.0,50,0,69.26,30.74
527,8.783,595.2,850.0,50,0,69.32,30.68
528,8.8,592.3,849.0,50,0,69.38,30.62
529,8.817,592.3,849.0,50,0,69.43,30.57
530,8.833,591.6,847.6,50,0,69.49,30.51
531,8.85,591.6,847.6,50,0,69.55,30.45
532,8.867,591.6,847.6,50,0,69.61,30.39
533,8.883,590.0,848.0,50,0,69.66,30.34
534,8.9,590.0,847.9,50,0,69.72,30.28
535,8.917,589.0,846.4,50,0,69.78,30.22
536,8.933,588.9,846.4,50,0,69.83,30.17
537,8.95,588.9,846.4,50,0,69.89,30.11
538,8.967,589.0,845.3,50,0,69.94,30.06
539,8.983,589.0,845.2,50,0,70.0,30.0
540,9.0,589.2,844.8,50,0,70.06,29.94
541,9.017,589.2,844.8,50,0,70.11,29.89
542,9.033,588.9,843.6,50,0,70.17,29.83
543,9.05,588.9,843.6,50,0,70.22,29.78
544,9.067,588.9,843.6,50,0,70.28,29.72
545,9.083,593.0,842.5,50,0,70.33,29.67
546,9.1,593.0,842.6,50,0,70.38,29.62
547,9.117,1150.5,807.0,40,0,70.44,29.56
548,9.133,1708.0,771.5,-1,0,70.49,29.51
549,9.15,2265.6,736.0,-1,0,70.55,29.45
550,9.167,2823.1,700.4,12,0,70.6,29.4
551,9.183,2823.0,700.4,12,0,70.65,29.35
552,9.2,594.5,840.9,50,0,70.71,29.29
553,9.217,594.5,840.8,50,0,70.76,29.24
554,9.233,596.4,840.5,50,0,70.81,29.19
555,9.25,596.4,840.5,50,0,70.86,29.14
556,9.267,596.4,840.5,50,0,70.92,29.08
557,9.283,1190.6,719.0,40,0,70.97,29.03
558,9.3,1190.6,719.1,40,0,71.02,28.98
559,9.317,1196.5,719.8,40,0,71.07,28.93
560,9.333,1196.5,719.8,40,0,71.12,28.88
561,9.35,1196.5,719.8,40,0,71.17,28.83
562,9.367,1022.6,752.2,-1,0,71.23,28.77
563,9.383,848.8,784.6,-1,0,71.28,28.72
564,9.4,675.0,817.0,50,0,71.33,28.67
565,9.417,675.0,817.0,50,0,71.38,28.62
566,9.433,698.8,811.4,50,0,71.43,28.57
567,9.45,698.7,811.4,50,0,71.48,28.52
568,9.467,698.6,811.4,50,0,71.53,28.47
569,9.483,720.8,804.2,50,0,71.58,28.42
570,9.5,720.8,804.2,50,0,71.63,28.37
571,9.517,741.8,796.4,-1,0,71.68,28.32
572,9.533,741.8,796.3,-1,0,71.73,28.27
573,9.55,741.8,796.3,-1,0,71.78,28.22
574,9.567,762.3,790.5,-1,0,71.83,28.17
575,9.583,762.2,790.4,-1,0,71.88,28.12
576,9.6,762.3,790.4,-1,0,71.92,28.08
577,9.617,783.1,784.2,-1,0,71.97,28.03
578,9.633,802.7,779.1,-1,0,72.02,27.98
579,9.65,802.8,779.1,-1,0,72.07,27.93
580,9.667,802.7,779.2,-1,0,72.12,27.88
581,9.683,802.7,779.2,-1,0,72.16,27.84
582,9.7,819.8,775.0,-1,0,72.21,27.79
583,9.717,819.9,774.9,-1,0,72.26,27.74
584,9.733,837.8,769.6,-1,0,72.31,27.69
585,9.75,837.9,769.4,-1,0,72.35,27.65
586,9.767,853.6,764.8,-1,0,72.4,27.6
587,9.783,853.6,764.8,-1,0,72.45,27.55
588,9.8,871.4,760.4,-1,0,72.5,27.5
589,9.817,871.4,760.4,-1,0,72.54,27.46
590,9.833,884.0,756.0,-1,0,72.59,27.41
591,9.85,884.0,756.0,-1,0,72.64,27.36
592,9.867,884.0,756.0,-1,0,72.68,27.32
593,9.883,896.6,753.0,-1,0,72.73,27.27
594,9.9,896.7,753.0,-1,0,72.77,27.23
595,9.917,908.6,749.0,-1,0,72.82,27.18
596,9.933,908.6,749.0,-1,0,72.86,27.14
597,9.95,908.6,749.0,-1,0,72.91,27.09
598,9.967,922.1,744.2,40,0,72.95,27.05
599,9.983,922.1,744.2,40,0,73.0,27.0
600,10.0,931.6,739.6,40,0,73.04,26.96
601,10.017,931.6,739.6,40,0,73.09,26.91
602,10.033,942.6,735.1,40,0,73.13,26.87
603,10.05,942.5,735.1,40,0,73.18,26.82
604,10.067,942.4,735.2,40,0,73.22,26.78
605,10.083,942.5,735.2,40,0,73.27,26.73
606,10.1,954.2,733.2,40,0,73.31,26.69
607,10.117,958.5,731.6,40,0,73.36,26.64
608,10.133,962.9,730.0,40,0,73.4,26.6
609,10.15,967.3,728.5,40,0,73.44,26.56
610,10.167,971.7,726.9,40,0,73.49,26.51
611,10.183,976.1,725.4,40,0,73.53,26.47
612,10.2,980.5,723.8,40,0,73.57,26.43
613,10.217,980.6,723.8,40,0,73.62,26.38
614,10.233,991.2,721.1,40,0,73.66,26.34
615,10.25,991.2,721.1,40,0,73.7,26.3
616,10.267,991.2,721.1,40,0,73.74,26.26
617,10.283,1000.6,717.9,40,0,73.79,26.21
618,10.3,1000.6,717.8,40,0,73.83,26.17
619,10.317,1007.6,715.7,40,0,73.87,26.13
620,10.333,1007.6,715.7,40,0,73.91,26.09
621,10.35,1007.6,715.7,40,0,73.95,26.05
622,10.367,1021.2,711.0,40,0,74.0,26.0
623,10.383,1021.0,711.0,40,0,74.04,25.96
624,10.4,1020.4,711.0,40,0,74.08,25.92
625,10.417,1826.3,683.7,-1,0,74.12,25.88
626,10.433,2632.1,656.4,12,0,74.16,25.84
627,10.45,2632.0,656.2,12,0,74.2,25.8
628,10.467,2632.0,656.0,12,0,74.24,25.76
629,10.483,2562.8,657.7,12,0,74.29,25.71
630,10.5,2562.8,657.7,12,0,74.33,25.67
631,10.517,2604.2,651.5,12,0,74.37,25.63
632,10.533,2604.2,651.5,12,0,74.41,25.59
633,10.55,2604.2,651.5,12,0,74.45,25.55
634,10.567,1008.8,711.4,40,0,74.49,25.51
635,10.583,1008.8,711.4,40,0,74.53,25.47
636,10.6,1006.2,712.7,40,0,74.57,25.43
637,10.617,1003.6,714.0,40,0,74.61,25.39
638,10.633,1001.0,715.2,40,0,74.65,25.35
639,10.65,1001.0,715.2,40,0,74.69,25.31
640,10.667,1001.0,715.3,40,0,74.73,25.27
641,10.683,999.0,716.5,40,0,74.77,25.23
642,10.7,999.2,716.4,40,0,74.81,25.19
643,10.717,995.0,716.7,40,0,74.84,25.16
644,10.733,995.0,716.7,40,0,74.88,25.12
645,10.75,995.0,716.7,40,0,74.92,25.08
646,10.767,994.8,716.6,40,0,74.96,25.04
647,10.783,994.5,716.5,40,0,75.0,25.0
648,10.8,994.3,716.4,40,0,75.04,24.96
649,10.817,994.1,716.3,40,0,75.08,24.92
650,10.833,993.8,716.2,40,0,75.12,24.88
651,10.85,993.8,716.2,40,0,75.15,24.85
652,10.867,993.8,716.2,40,0,75.19,24.81
653,10.883,993.8,716.2,40,0,75.23,24.77
654,10.9,996.0,716.6,40,0,75.27,24.73
655,10.917,1615.1,820.2,33,0,75.3,24.7
656,10.933,1615.1,820.2,33,0,75.34,24.66
657,10.95,1615.1,820.2,33,0,75.38,24.62
658,10.967,990.2,718.4,40,0,75.42,24.58
659,10.983,990.2,718.4,40,0,75.45,24.55
660,11.0,990.0,718.4,40,0,75.49,24.51
661,11.017,2477.6,627.3,-1,0,75.53,24.47
662,11.033,980.7,718.9,40,0,75.57,24.43
663,11.05,980.8,719.0,40,0,75.6,24.4
664,11.067,980.8,719.0,40,0,75.64,24.36
665,11.083,974.6,719.1,40,0,75.68,24.32
666,11.1,974.6,719.2,40,0,75.71,24.29
667,11.117,969.8,718.8,40,0,75.75,24.25
668,11.133,969.8,718.8,40,0,75.78,24.22
669,11.15,969.8,718.8,40,0,75.82,24.18
670,11.167,971.2,721.4,40,0,75.86,24.14
671,11.183,971.2,721.4,40,0,75.89,24.11
672,11.2,971.2,721.4,40,0,75.93,24.07
673,11.217,2408.8,630.6,67,0,75.96,24.04
674,11.233,923.3,725.2,40,0,76.0,24.0
675,11.25,923.3,725.2,40,0,76.04,23.96
676,11.267,923.3,725.2,40,0,76.07,23.93
677,11.283,923.3,725.2,40,0,76.11,23.89
678,11.3,2367.2,634.4,67,0,76.14,23.86
679,11.317,2012.6,656.8,-1,0,76.18,23.82
680,11.333,1658.2,679.2,-1,0,76.21,23.79
681,11.35,1303.6,701.6,32,0,76.25,23.75
682,11.367,949.2,724.0,40,0,76.28,23.72
683,11.383,949.2,724.0,40,0,76.32,23.68
684,11.4,944.4,721.3,40,0,76.35,23.65
685,11.417,944.5,721.3,40,0,76.38,23.62
686,11.433,941.2,720.4,40,0,76.42,23.58
687,11.45,941.2,720.4,40,0,76.45,23.55
688,11.467,941.2,720.4,40,0,76.49,23.51
689,11.483,938.4,720.8,40,0,76.52,23.48
690,11.5,938.4,720.8,40,0,76.56,23.44
691,11.517,929.8,722.4,40,0,76.59,23.41
692,11.533,929.8,722.4,40,0,76.62,23.38
693,11.55,929.8,722.4,40,0,76.66,23.34
694,11.567,2361.0,625.8,67,0,76.69,23.31
695,11.583,2361.0,625.8,67,0,76.72,23.28
696,11.6,1491.8,790.9,33,0,76.76,23.24
697,11.617,1491.8,790.9,33,0,76.79,23.21
698,11.633,947.3,712.3,40,0,76.82,23.18
699,11.65,947.4,712.3,40,0,76.86,23.14
700,11.667,947.4,712.3,40,0,76.89,23.11
701,11.683,947.4,712.3,40,0,76.92,23.08
702,11.7,951.0,710.4,40,0,76.96,23.04
703,11.717,955.2,708.0,40,0,76.99,23.01
704,11.733,955.3,708.0,40,0,77.02,22.98
705,11.75,955.3,708.0,40,0,77.05,22.95
706,11.767,958.0,706.8,40,0,77.09,22.91
707,11.783,958.0,706.8,40,0,77.12,22.88
708,11.8,961.8,704.9,40,0,77.15,22.85
709,11.817,961.8,704.9,40,0,77.18,22.82
710,11.833,961.8,704.9,40,0,77.22,22.78
711,11.85,963.2,703.2,40,0,77.25,22.75
712,11.867,963.1,703.2,40,0,77.28,22.72
713,11.883,965.1,701.8,40,0,77.31,22.69
714,11.9,965.0,701.8,40,0,77.34,22.66
715,11.917,965.0,701.8,40,0,77.37,22.63
716,11.933,966.4,701.6,40,0,77.41,22.59
717,11.95,966.4,701.6,40,0,77.44,22.56
718,11.967,968.2,701.2,40,0,77.47,22.53
719,11.983,968.2,701.2,40,0,77.5,22.5
720,12.0,970.5,701.4,40,0,77.53,22.47
721,12.017,970.5,701.4,40,0,77.56,22.44
722,12.033,971.6,700.8,40,0,77.59,22.41
723,12.05,971.6,700.6,40,0,77.62,22.38
724,12.067,971.6,700.6,40,0,77.66,22.34
725,12.083,973.6,700.3,40,0,77.69,22.31
726,12.1,973.6,700.2,40,0,77.72,22.28
727,12.117,973.6,698.8,40,0,77.75,22.25
728,12.133,973.6,698.8,40,0,77.78,22.22
729,12.15,973.6,698.8,40,0,77.81,22.19
730,12.167,974.1,697.7,40,0,77.84,22.16
731,12.183,974.1,697.7,40,0,77.87,22.13
732,12.2,973.8,698.4,40,0,77.9,22.1
733,12.217,973.8,698.4,40,0,77.93,22.07
734,12.233,973.8,698.4,40,0,77.96,22.04
735,12.25,978.2,698.2,40,0,77.99,22.01
736,12.267,978.2,698.2,40,0,78.02,21.98
737,12.283,978.2,698.2,40,0,78.05,21.95
738,12.3,2192.1,633.5,67,0,78.08,21.92
739,12.317,1043.0,680.1,-1,0,78.11,21.89
740,12.333,1043.0,680.2,-1,0,78.14,21.86
741,12.35,1043.0,680.1,-1,0,78.17,21.83
742,12.367,1073.0,672.3,-1,0,78.2,21.8
743,12.383,1073.0,672.4,-1,0,78.23,21.77
744,12.4,1257.6,781.0,33,0,78.26,21.74
745,12.417,1257.6,781.0,33,0,78.28,21.72
746,12.433,1124.2,660.2,32,0,78.31,21.69
747,12.45,1124.2,660.2,32,0,78.34,21.66
748,12.467,1124.2,660.2,32,0,78.37,21.63
749,12.483,1124.2,660.2,32,0,78.4,21.6
750,12.5,2126.6,610.1,67,0,78.43,21.57
751,12.517,2092.4,632.1,67,0,78.46,21.54
752,12.533,2092.4,632.2,67,1,78.35,21.65
753,12.55,2092.3,631.4,67,1,78.25,21.75
754,12.567,2092.6,631.4,67,1,78.15,21.85
755,12.583,2263.7,567.4,-1,1,78.04,21.96
756,12.6,2434.8,503.3,52,1,77.94,22.06
757,12.617,2606.0,439.2,52,1,77.84,22.16
758,12.633,2599.4,442.0,52,1,77.73,22.27
759,12.65,2599.4,442.0,52,1,77.63,22.37
760,12.667,2599.4,442.0,52,1,77.53,22.47
761,12.683,1241.1,633.6,-1,1,77.43,22.57
762,12.7,1241.1,633.5,-1,1,77.33,22.67
763,12.717,1254.0,630.3,-1,1,77.23,22.77
764,12.733,1254.0,630.3,-1,1,77.12,22.88
765,12.75,1254.0,630.3,-1,1,77.02,22.98
766,12.767,1266.5,627.8,-1,1,76.92,23.08
767,12.783,1266.5,627.8,-1,1,76.82,23.18
768,12.8,1278.2,623.8,-1,1,76.72,23.28
769,12.817,1278.2,623.8,-1,1,76.62,23.38
770,12.833,1288.5,621.6,-1,1,76.52,23.48
771,12.85,1288.5,621.6,-1,1,76.42,23.58
772,12.867,1288.5,621.6,-1,1,76.33,23.67
773,12.883,1288.5,621.6,-1,1,76.23,23.77
774,12.9,1297.6,620.4,36,1,76.13,23.87
775,12.917,1306.6,615.2,36,1,76.03,23.97
776,12.933,1306.6,615.2,36,1,75.93,24.07
777,12.95,1306.6,615.2,36,1,75.84,24.16
778,12.967,1306.6,615.2,36,0,75.87,24.13
779,12.983,1315.8,611.7,36,0,75.9,24.1
780,13.0,1315.8,611.7,36,0,75.93,24.07
781,13.017,1323.2,609.2,36,0,75.96,24.04
782,13.033,1330.4,609.2,36,0,75.99,24.01
783,13.05,1330.4,609.2,36,0,76.02,23.98
784,13.067,1330.4,609.2,36,0,76.05,23.95
785,13.083,1335.8,605.6,36,0,76.08,23.92
786,13.1,1335.8,605.6,36,0,76.11,23.89
787,13.117,1340.9,602.4,36,0,76.14,23.86
788,13.133,1340.9,602.4,36,0,76.17,23.83
789,13.15,1341.0,602.4,36,0,76.2,23.8
790,13.167,1347.0,600.8,36,0,76.23,23.77
791,13.183,1347.0,600.8,36,0,76.26,23.74
792,13.2,1349.9,599.2,36,0,76.29,23.71
793,13.217,1350.0,599.2,36,0,76.32,23.68
794,13.233,1354.2,596.3,36,0,76.35,23.65
795,13.25,1354.2,596.3,36,0,76.38,23.62
796,13.267,1354.2,596.4,36,0,76.41,23.59
797,13.283,1355.2,596.8,36,0,76.44,23.56
798,13.3,1355.3,596.6,36,0,76.47,23.53
799,13.317,2771.6,963.9,68,0,76.5,23.5
800,13.333,2771.6,963.8,68,0,76.53,23.47
801,13.35,2771.6,963.9,68,0,76.56,23.44
802,13.367,1332.8,598.8,36,0,76.59,23.41
803,13.383,1332.8,598.8,36,0,76.62,23.38
804,13.4,1317.4,599.6,36,0,76.65,23.35
805,13.417,1317.4,599.6,36,0,76.67,23.33
806,13.433,1306.5,599.8,36,0,76.7,23.3
807,13.45,1306.5,599.8,36,0,76.73,23.27
808,13.467,1306.4,599.7,36,0,76.76,23.24
809,13.483,1306.4,599.7,36,0,76.79,23.21
810,13.5,1296.8,599.8,36,0,76.82,23.18
811,13.517,1296.8,599.8,36,0,76.85,23.15
812,13.533,1285.5,601.0,36,0,76.88,23.12
813,13.55,1285.5,601.0,36,0,76.9,23.1
814,13.567,1274.8,602.6,36,0,76.93,23.07
815,13.583,1274.8,602.6,36,0,76.96,23.04
816,13.6,1263.3,604.7,36,0,76.99,23.01
817,13.617,1263.2,604.7,36,0,77.02,22.98
818,13.633,1253.6,604.3,36,0,77.05,22.95
819,13.65,1253.6,604.3,36,0,77.07,22.93
820,13.667,1253.5,604.3,36,0,77.1,22.9
821,13.683,1253.6,604.3,36,0,77.13,22.87
822,13.7,1243.8,606.4,36,0,77.16,22.84
823,13.717,1233.0,608.7,36,0,77.18,22.82
824,13.733,1233.1,608.7,36,0,77.21,22.79
825,13.75,1233.1,608.7,36,0,77.24,22.76
826,13.767,1224.4,607.6,36,0,77.27,22.73
827,13.783,1224.4,607.6,36,0,77.29,22.71
828,13.8,1212.5,609.0,36,0,77.32,22.68
829,13.817,1212.5,608.9,36,0,77.35,22.65
830,13.833,1212.6,609.0,36,0,77.38,22.62
831,13.85,1202.4,609.8,36,0,77.4,22.6
832,13.867,1202.4,609.8,36,0,77.43,22.57
833,13.883,1189.6,612.2,36,0,77.46,22.54
834,13.9,1189.6,612.2,36,0,77.49,22.51
835,13.917,1189.6,612.2,36,0,77.51,22.49
836,13.933,2186.6,488.4,-1,0,77.54,22.46
837,13.95,2186.6,488.4,-1,0,77.57,22.43
838,13.967,2180.9,489.2,-1,0,77.59,22.41
839,13.983,2180.9,489.2,-1,0,77.62,22.38
840,14.0,1600.8,889.0,4,0,77.65,22.35
841,14.017,1600.8,888.9,4,0,77.67,22.33
842,14.033,2166.6,491.4,-1,0,77.7,22.3
843,14.05,2166.6,491.4,-1,0,77.73,22.27
844,14.067,2166.6,491.4,-1,0,77.75,22.25
845,14.083,2162.7,491.8,-1,0,77.78,22.22
846,14.1,2158.7,492.1,-1,0,77.8,22.2
847,14.117,2154.8,492.4,-1,0,77.83,22.17
848,14.133,2154.7,492.5,-1,0,77.86,22.14
849,14.15,2154.7,492.6,-1,0,77.88,22.12
850,14.167,2150.7,493.6,-1,0,77.91,22.09
851,14.183,2146.8,494.6,-1,0,77.93,22.07
852,14.2,2142.8,495.7,-1,0,77.96,22.04
853,14.217,2142.8,495.7,-1,0,77.99,22.01
854,14.233,2136.9,498.2,-1,0,78.01,21.99
855,14.25,2136.9,498.2,-1,0,78.04,21.96
856,14.267,2136.9,498.2,-1,0,78.06,21.94
857,14.283,2132.1,500.4,-1,0,78.09,21.91
858,14.3,2132.1,500.5,-1,0,78.11,21.89
859,14.317,2132.0,500.5,-1,0,78.14,21.86
860,14.333,1549.5,911.1,4,0,78.16,21.84
861,14.35,1549.6,911.1,4,0,78.19,21.81
862,14.367,1495.2,824.1,4,0,78.22,21.78
863,14.383,1440.8,737.0,67,0,78.24,21.76
864,14.4,1386.4,650.0,67,0,78.27,21.73
865,14.417,1386.4,650.0,67,0,78.29,21.71
866,14.433,2220.8,602.6,66,0,78.32,21.68
867,14.45,2220.8,602.6,66,1,78.23,21.77
868,14.467,2220.8,602.6,66,1,78.14,21.86
869,14.483,2220.8,602.6,66,1,78.05,21.95
870,14.5,2224.4,595.3,66,1,77.96,22.04
871,14.517,2227.9,588.1,66,1,77.87,22.13
872,14.533,2231.5,580.9,66,1,77.78,22.22
873,14.55,2235.1,573.7,66,1,77.69,22.31
874,14.567,2238.7,566.5,66,1,77.6,22.4
875,14.583,2242.2,559.3,66,1,77.51,22.49
876,14.6,2245.8,552.1,66,1,77.42,22.58
877,14.617,2249.4,544.9,66,1,77.33,22.67
878,14.633,2252.9,537.7,66,1,77.25,22.75
879,14.65,2256.5,530.5,66,1,77.16,22.84
880,14.667,2260.1,523.3,66,1,77.07,22.93
881,14.683,2263.6,516.1,-1,1,76.98,23.02
882,14.7,2263.6,516.0,-1,1,76.9,23.1
883,14.717,2265.4,515.1,-1,1,76.81,23.19
884,14.733,2265.3,515.1,-1,1,76.72,23.28
885,14.75,2265.3,515.1,-1,1,76.64,23.36
886,14.767,2269.6,513.8,-1,1,76.55,23.45
887,14.783,2269.6,513.8,-1,1,76.46,23.54
888,14.8,1904.5,596.4,52,1,76.38,23.62
889,14.817,1539.4,679.0,-1,1,76.29,23.71
890,14.833,1174.2,761.6,-1,1,76.21,23.79
891,14.85,809.1,844.2,33,1,76.12,23.88
892,14.867,809.1,844.2,33,1,76.04,23.96
893,14.883,809.0,844.3,33,1,75.95,24.05
894,14.9,1305.1,732.6,67,1,75.87,24.13
895,14.917,1801.2,620.9,52,1,75.78,24.22
896,14.933,2297.3,509.2,-1,1,75.7,24.3
897,14.95,2297.3,509.2,-1,1,75.61,24.39
898,14.967,2297.3,509.2,-1,1,75.53,24.47
899,14.983,,,-1,1,75.44,24.56
